source,target,weight
0,1,1
0,2,1
0,3,1
0,4,1
0,5,1
0,6,1
0,7,1
0,8,1
0,11,1
0,14,1
0,15,1
0,16,1
0,19,1
0,22,1
0,25,1
0,29,1
0,31,1
0,32,1
0,48,1
0,55,1
0,64,1
0,66,1
0,75,1
0,97,1
0,115,1
0,116,1
0,123,1
0,125,1
0,137,1
0,143,1
0,151,1
0,162,1
0,163,1
0,170,1
0,176,1
0,181,1
0,183,1
0,195,1
0,202,1
0,206,1
0,213,1
0,214,1
0,216,1
0,219,1
0,244,1
0,245,1
0,265,1
0,277,1
0,299,1
0,303,1
0,309,1
0,318,1
0,335,1
0,338,1
0,370,1
0,372,1
0,395,1
0,407,1
0,419,1
0,442,1
0,447,1
0,473,1
0,510,1
0,525,1
0,550,1
0,628,1
0,640,1
0,650,1
0,661,1
0,683,1
0,719,1
0,730,1
0,731,1
0,736,1
0,752,1
0,771,1
0,825,1
0,830,1
0,861,1
0,881,1
0,900,1
0,903,1
0,1055,1
0,1109,1
0,1117,1
0,1181,1
0,1212,1
0,1229,1
0,1231,1
0,1253,1
0,1289,1
0,1348,1
0,1372,1
0,1380,1
0,1390,1
1,2,1
1,3,1
1,4,1
1,5,1
1,6,1
1,9,1
1,12,1
1,40,1
1,41,1
1,48,1
1,62,1
1,69,1
1,73,1
1,152,1
1,156,1
1,159,1
1,160,1
1,209,1
1,242,1
1,258,1
1,309,1
1,316,1
1,388,1
1,444,1
1,521,1
1,556,1
1,614,1
1,622,1
1,687,1
1,721,1
1,748,1
1,752,1
1,768,1
1,774,1
1,803,1
1,979,1
1,1107,1
1,1165,1
1,1224,1
1,1302,1
1,1379,1
1,1398,1
1,1457,1
2,3,1
2,4,1
2,6,1
2,7,1
2,9,1
2,10,1
2,17,1
2,20,1
2,28,1
2,31,1
2,37,1
2,38,1
2,41,1
2,46,1
2,47,1
2,51,1
2,96,1
2,110,1
2,121,1
2,136,1
2,145,1
2,157,1
2,167,1
2,180,1
2,181,1
2,194,1
2,199,1
2,221,1
2,273,1
2,280,1
2,287,1
2,298,1
2,314,1
2,346,1
2,358,1
2,360,1
2,365,1
2,369,1
2,412,1
2,459,1
2,462,1
2,479,1
2,500,1
2,501,1
2,517,1
2,531,1
2,532,1
2,570,1
2,586,1
2,593,1
2,607,1
2,612,1
2,657,1
2,685,1
2,714,1
2,836,1
2,838,1
2,853,1
2,922,1
2,937,1
2,973,1
2,975,1
2,1021,1
2,1033,1
2,1050,1
2,1064,1
2,1097,1
2,1128,1
2,1132,1
2,1148,1
2,1198,1
2,1221,1
2,1255,1
2,1264,1
2,1271,1
2,1297,1
2,1315,1
2,1352,1
2,1388,1
2,1421,1
3,5,1
3,12,1
3,14,1
3,15,1
3,80,1
3,86,1
3,93,1
3,117,1
3,126,1
3,137,1
3,157,1
3,162,1
3,179,1
3,182,1
3,185,1
3,250,1
3,253,1
3,267,1
3,304,1
3,308,1
3,374,1
3,484,1
3,491,1
3,564,1
3,600,1
3,612,1
3,679,1
3,690,1
3,725,1
3,742,1
3,749,1
3,789,1
3,819,1
3,822,1
3,829,1
3,838,1
3,853,1
3,877,1
3,892,1
3,948,1
3,962,1
3,974,1
3,995,1
3,1105,1
3,1145,1
3,1182,1
3,1316,1
3,1383,1
3,1474,1
3,1498,1
4,7,1
4,8,1
4,13,1
4,18,1
4,20,1
4,30,1
4,38,1
4,49,1
4,55,1
4,61,1
4,83,1
4,89,1
4,93,1
4,105,1
4,110,1
4,120,1
4,147,1
4,156,1
4,191,1
4,198,1
4,223,1
4,226,1
4,260,1
4,271,1
4,276,1
4,278,1
4,291,1
4,292,1
4,316,1
4,317,1
4,335,1
4,343,1
4,348,1
4,387,1
4,393,1
4,404,1
4,408,1
4,415,1
4,442,1
4,446,1
4,497,1
4,505,1
4,506,1
4,514,1
4,602,1
4,610,1
4,660,1
4,668,1
4,718,1
4,734,1
4,743,1
4,806,1
4,899,1
4,944,1
4,959,1
4,977,1
4,982,1
4,1045,1
4,1074,1
4,1146,1
4,1228,1
4,1309,1
4,1325,1
4,1330,1
4,1353,1
4,1382,1
4,1424,1
4,1456,1
5,10,1
5,12,1
5,14,1
5,17,1
5,21,1
5,27,1
5,30,1
5,33,1
5,43,1
5,47,1
5,53,1
5,54,1
5,58,1
5,59,1
5,61,1
5,63,1
5,68,1
5,71,1
5,79,1
5,84,1
5,85,1
5,86,1
5,88,1
5,90,1
5,92,1
5,103,1
5,105,1
5,111,1
5,147,1
5,148,1
5,152,1
5,158,1
5,171,1
5,173,1
5,197,1
5,200,1
5,201,1
5,226,1
5,229,1
5,237,1
5,240,1
5,293,1
5,296,1
5,298,1
5,300,1
5,306,1
5,330,1
5,338,1
5,339,1
5,363,1
5,380,1
5,385,1
5,391,1
5,401,1
5,433,1
5,437,1
5,441,1
5,476,1
5,489,1
5,514,1
5,515,1
5,519,1
5,524,1
5,535,1
5,536,1
5,595,1
5,604,1
5,608,1
5,617,1
5,618,1
5,627,1
5,629,1
5,637,1
5,650,1
5,651,1
5,664,1
5,696,1
5,701,1
5,713,1
5,717,1
5,722,1
5,774,1
5,785,1
5,805,1
5,807,1
5,848,1
5,906,1
5,908,1
5,968,1
5,984,1
5,986,1
5,1055,1
5,1077,1
5,1100,1
5,1159,1
5,1180,1
5,1185,1
5,1188,1
5,1190,1
5,1235,1
5,1253,1
5,1276,1
5,1308,1
5,1309,1
5,1340,1
5,1346,1
5,1359,1
5,1362,1
5,1387,1
5,1392,1
5,1411,1
5,1438,1
5,1475,1
5,1483,1
5,1485,1
6,8,1
6,9,1
6,10,1
6,16,1
6,20,1
6,26,1
6,34,1
6,35,1
6,37,1
6,42,1
6,90,1
6,129,1
6,131,1
6,139,1
6,144,1
6,163,1
6,201,1
6,207,1
6,216,1
6,255,1
6,270,1
6,324,1
6,388,1
6,398,1
6,458,1
6,509,1
6,558,1
6,624,1
6,633,1
6,651,1
6,675,1
6,695,1
6,720,1
6,774,1
6,805,1
6,817,1
6,894,1
6,909,1
6,919,1
6,952,1
6,1005,1
6,1026,1
6,1129,1
6,1151,1
6,1285,1
6,1346,1
6,1394,1
6,1400,1
6,1408,1
6,1440,1
6,1444,1
6,1490,1
7,11,1
7,13,1
7,43,1
7,45,1
7,65,1
7,67,1
7,84,1
7,87,1
7,133,1
7,146,1
7,229,1
7,287,1
7,296,1
7,326,1
7,339,1
7,397,1
7,398,1
7,506,1
7,521,1
7,543,1
7,578,1
7,664,1
7,685,1
7,726,1
7,784,1
7,811,1
7,840,1
7,881,1
7,904,1
7,917,1
7,931,1
7,955,1
7,957,1
7,1010,1
7,1023,1
7,1028,1
7,1065,1
7,1075,1
7,1089,1
7,1132,1
7,1135,1
7,1144,1
7,1149,1
7,1196,1
7,1207,1
7,1243,1
7,1281,1
7,1324,1
7,1432,1
7,1439,1
7,1484,1
8,13,1
8,16,1
8,17,1
8,18,1
8,19,1
8,22,1
8,23,1
8,25,1
8,36,1
8,43,1
8,60,1
8,65,1
8,79,1
8,80,1
8,82,1
8,104,1
8,115,1
8,119,1
8,130,1
8,134,1
8,140,1
8,141,1
8,151,1
8,162,1
8,165,1
8,191,1
8,206,1
8,227,1
8,294,1
8,304,1
8,305,1
8,318,1
8,324,1
8,337,1
8,350,1
8,353,1
8,359,1
8,367,1
8,426,1
8,433,1
8,572,1
8,588,1
8,619,1
8,623,1
8,663,1
8,667,1
8,685,1
8,686,1
8,693,1
8,707,1
8,726,1
8,834,1
8,855,1
8,917,1
8,928,1
8,997,1
8,1001,1
8,1063,1
8,1066,1
8,1104,1
8,1113,1
8,1188,1
8,1235,1
8,1334,1
8,1354,1
8,1489,1
8,1497,1
9,114,1
9,225,1
9,235,1
9,340,1
9,346,1
9,378,1
9,380,1
9,527,1
9,551,1
9,627,1
9,1127,1
9,1140,1
9,1282,1
9,1299,1
9,1337,1
9,1406,1
9,1452,1
10,11,1
10,18,1
10,38,1
10,42,1
10,71,1
10,72,1
10,95,1
10,101,1
10,132,1
10,211,1
10,214,1
10,241,1
10,245,1
10,359,1
10,384,1
10,508,1
10,550,1
10,601,1
10,616,1
10,625,1
10,640,1
10,720,1
10,928,1
10,984,1
10,994,1
10,1214,1
10,1308,1
11,85,1
11,89,1
11,359,1
11,579,1
11,618,1
11,981,1
11,1370,1
12,15,1
12,21,1
12,26,1
12,39,1
12,40,1
12,70,1
12,109,1
12,173,1
12,174,1
12,197,1
12,198,1
12,201,1
12,243,1
12,280,1
12,289,1
12,294,1
12,317,1
12,362,1
12,373,1
12,375,1
12,423,1
12,588,1
12,604,1
12,605,1
12,653,1
12,815,1
12,864,1
12,890,1
12,1103,1
12,1164,1
12,1259,1
13,32,1
13,33,1
13,44,1
13,52,1
13,57,1
13,76,1
13,81,1
13,143,1
13,234,1
13,238,1
13,259,1
13,295,1
13,329,1
13,414,1
13,511,1
13,545,1
13,552,1
13,557,1
13,566,1
13,575,1
13,603,1
13,613,1
13,681,1
13,722,1
13,779,1
13,835,1
13,851,1
13,870,1
13,882,1
13,979,1
13,1118,1
13,1239,1
14,19,1
14,67,1
14,93,1
14,95,1
14,135,1
14,184,1
14,251,1
14,278,1
14,281,1
14,297,1
14,319,1
14,325,1
14,356,1
14,399,1
14,411,1
14,499,1
14,648,1
14,670,1
14,706,1
14,775,1
14,876,1
14,1108,1
14,1179,1
14,1349,1
14,1361,1
15,21,1
15,22,1
15,23,1
15,27,1
15,28,1
15,39,1
15,51,1
15,61,1
15,66,1
15,94,1
15,113,1
15,120,1
15,122,1
15,124,1
15,132,1
15,136,1
15,145,1
15,160,1
15,182,1
15,215,1
15,224,1
15,265,1
15,282,1
15,288,1
15,307,1
15,314,1
15,315,1
15,321,1
15,337,1
15,341,1
15,363,1
15,418,1
15,469,1
15,514,1
15,535,1
15,537,1
15,545,1
15,584,1
15,610,1
15,660,1
15,748,1
15,750,1
15,753,1
15,787,1
15,811,1
15,818,1
15,849,1
15,866,1
15,886,1
15,986,1
15,995,1
15,1039,1
15,1062,1
15,1098,1
15,1131,1
15,1138,1
15,1169,1
15,1205,1
15,1281,1
15,1290,1
15,1301,1
15,1330,1
15,1430,1
15,1444,1
15,1449,1
15,1458,1
15,1459,1
16,24,1
16,28,1
16,35,1
16,45,1
16,70,1
16,80,1
16,82,1
16,84,1
16,85,1
16,98,1
16,124,1
16,138,1
16,151,1
16,175,1
16,186,1
16,227,1
16,248,1
16,257,1
16,279,1
16,283,1
16,371,1
16,414,1
16,419,1
16,446,1
16,449,1
16,459,1
16,460,1
16,467,1
16,472,1
16,491,1
16,499,1
16,512,1
16,533,1
16,556,1
16,577,1
16,674,1
16,682,1
16,684,1
16,692,1
16,712,1
16,781,1
16,801,1
16,804,1
16,881,1
16,885,1
16,921,1
16,930,1
16,1061,1
16,1068,1
16,1091,1
16,1174,1
16,1186,1
16,1409,1
16,1428,1
16,1497,1
17,23,1
17,29,1
17,32,1
17,34,1
17,36,1
17,37,1
17,54,1
17,56,1
17,62,1
17,71,1
17,78,1
17,81,1
17,104,1
17,116,1
17,123,1
17,128,1
17,144,1
17,146,1
17,154,1
17,157,1
17,175,1
17,215,1
17,279,1
17,290,1
17,295,1
17,357,1
17,373,1
17,375,1
17,444,1
17,507,1
17,590,1
17,615,1
17,648,1
17,771,1
17,776,1
17,813,1
17,910,1
17,946,1
17,947,1
17,979,1
17,988,1
17,1022,1
17,1068,1
17,1071,1
17,1236,1
17,1241,1
17,1291,1
17,1295,1
17,1299,1
17,1377,1
17,1453,1
17,1476,1
17,1479,1
18,25,1
18,27,1
18,35,1
18,39,1
18,45,1
18,51,1
18,62,1
18,65,1
18,77,1
18,100,1
18,109,1
18,134,1
18,169,1
18,178,1
18,189,1
18,194,1
18,199,1
18,246,1
18,312,1
18,320,1
18,334,1
18,394,1
18,416,1
18,450,1
18,469,1
18,487,1
18,490,1
18,530,1
18,564,1
18,592,1
18,603,1
18,691,1
18,702,1
18,742,1
18,793,1
18,798,1
18,827,1
18,908,1
18,910,1
18,913,1
18,914,1
18,1004,1
18,1012,1
18,1034,1
18,1073,1
18,1080,1
18,1109,1
18,1145,1
18,1203,1
18,1274,1
18,1342,1
18,1352,1
19,24,1
19,113,1
19,233,1
19,357,1
19,475,1
19,1084,1
19,1171,1
20,33,1
20,41,1
20,44,1
20,49,1
20,59,1
20,60,1
20,92,1
20,95,1
20,222,1
20,436,1
20,488,1
20,607,1
20,611,1
20,624,1
20,686,1
20,758,1
20,798,1
20,813,1
20,820,1
20,823,1
20,901,1
20,1018,1
20,1078,1
20,1083,1
20,1112,1
20,1305,1
20,1338,1
20,1386,1
20,1426,1
20,1485,1
21,29,1
21,30,1
21,116,1
21,123,1
21,137,1
21,155,1
21,239,1
21,252,1
21,261,1
21,263,1
21,270,1
21,279,1
21,424,1
21,460,1
21,523,1
21,560,1
21,581,1
21,738,1
21,764,1
21,766,1
21,794,1
21,906,1
21,953,1
21,965,1
21,978,1
21,1073,1
21,1167,1
21,1310,1
21,1421,1
21,1453,1
22,47,1
22,72,1
22,83,1
22,222,1
22,236,1
22,369,1
22,474,1
22,572,1
22,605,1
22,676,1
22,684,1
22,697,1
22,710,1
22,845,1
22,862,1
22,1412,1
23,24,1
23,50,1
23,52,1
23,54,1
23,56,1
23,77,1
23,78,1
23,83,1
23,96,1
23,97,1
23,150,1
23,168,1
23,170,1
23,171,1
23,184,1
23,207,1
23,211,1
23,221,1
23,262,1
23,297,1
23,310,1
23,321,1
23,420,1
23,426,1
23,435,1
23,445,1
23,462,1
23,466,1
23,501,1
23,537,1
23,578,1
23,622,1
23,623,1
23,632,1
23,693,1
23,735,1
23,828,1
23,831,1
23,878,1
23,934,1
23,935,1
23,936,1
23,957,1
23,1057,1
23,1068,1
23,1134,1
23,1150,1
23,1190,1
23,1204,1
23,1211,1
23,1247,1
23,1261,1
23,1288,1
23,1387,1
23,1447,1
23,1465,1
23,1472,1
24,26,1
24,111,1
24,140,1
24,142,1
24,202,1
24,349,1
25,50,1
25,53,1
25,68,1
25,210,1
25,268,1
25,389,1
25,482,1
25,579,1
25,678,1
25,787,1
25,873,1
25,970,1
25,1418,1
25,1467,1
26,31,1
26,56,1
26,112,1
26,138,1
26,155,1
26,188,1
26,266,1
26,269,1
26,350,1
26,362,1
26,407,1
26,448,1
26,461,1
26,560,1
26,569,1
26,727,1
26,1022,1
26,1259,1
27,108,1
27,182,1
27,217,1
27,234,1
27,354,1
27,968,1
28,40,1
28,64,1
28,102,1
28,106,1
28,256,1
28,427,1
28,477,1
28,479,1
28,512,1
28,573,1
28,673,1
28,750,1
28,763,1
28,858,1
28,975,1
28,1144,1
28,1311,1
29,88,1
29,94,1
29,110,1
29,126,1
29,140,1
29,153,1
29,181,1
29,213,1
29,227,1
29,231,1
29,243,1
29,252,1
29,299,1
29,393,1
29,929,1
29,980,1
29,1030,1
29,1113,1
29,1127,1
29,1213,1
29,1214,1
29,1243,1
29,1249,1
29,1301,1
29,1303,1
29,1341,1
29,1353,1
29,1384,1
29,1403,1
29,1415,1
29,1466,1
30,42,1
30,112,1
30,374,1
30,389,1
30,438,1
30,439,1
30,646,1
30,1038,1
30,1290,1
30,1294,1
31,48,1
31,60,1
31,101,1
31,169,1
31,218,1
31,238,1
31,244,1
31,270,1
31,275,1
31,285,1
31,293,1
31,387,1
31,792,1
31,814,1
31,870,1
31,898,1
31,918,1
31,926,1
31,1062,1
31,1261,1
31,1400,1
32,46,1
32,57,1
32,69,1
32,82,1
32,91,1
32,130,1
32,132,1
32,138,1
32,174,1
32,339,1
32,526,1
32,539,1
32,547,1
32,859,1
32,943,1
32,958,1
32,996,1
32,1196,1
32,1392,1
33,34,1
33,36,1
33,44,1
33,46,1
33,67,1
33,73,1
33,74,1
33,75,1
33,81,1
33,109,1
33,118,1
33,145,1
33,150,1
33,178,1
33,187,1
33,254,1
33,317,1
33,318,1
33,337,1
33,483,1
33,503,1
33,538,1
33,562,1
33,649,1
33,679,1
33,761,1
33,784,1
33,825,1
33,831,1
33,832,1
33,891,1
33,924,1
33,944,1
33,982,1
33,1181,1
33,1281,1
33,1376,1
33,1431,1
33,1499,1
34,133,1
34,418,1
34,425,1
34,480,1
34,658,1
34,1048,1
35,232,1
35,383,1
35,390,1
35,422,1
35,575,1
35,652,1
35,1198,1
35,1263,1
35,1320,1
35,1378,1
35,1426,1
36,113,1
36,242,1
36,249,1
36,464,1
36,487,1
37,50,1
37,160,1
37,165,1
37,166,1
37,170,1
37,271,1
37,306,1
37,322,1
37,328,1
37,361,1
37,369,1
37,505,1
37,543,1
37,609,1
37,620,1
37,638,1
37,639,1
37,762,1
37,769,1
37,792,1
37,807,1
37,808,1
37,824,1
37,868,1
37,920,1
37,1001,1
37,1035,1
37,1165,1
37,1235,1
37,1256,1
37,1300,1
37,1326,1
37,1469,1
38,52,1
38,59,1
38,92,1
38,605,1
38,998,1
39,49,1
39,756,1
39,835,1
39,837,1
39,1335,1
40,198,1
40,534,1
40,598,1
40,631,1
40,634,1
40,646,1
40,1331,1
41,58,1
41,63,1
41,124,1
41,172,1
41,192,1
41,195,1
41,220,1
41,235,1
41,308,1
41,532,1
41,729,1
41,977,1
41,1398,1
42,88,1
42,99,1
42,146,1
42,379,1
42,383,1
42,479,1
42,594,1
42,983,1
42,1110,1
42,1401,1
43,55,1
43,79,1
43,101,1
43,122,1
43,155,1
43,158,1
43,172,1
43,203,1
43,230,1
43,264,1
43,303,1
43,340,1
43,454,1
43,456,1
43,518,1
43,745,1
43,777,1
43,778,1
43,833,1
43,882,1
43,939,1
43,1043,1
43,1154,1
43,1164,1
43,1191,1
43,1350,1
44,139,1
44,215,1
44,249,1
44,297,1
44,410,1
44,430,1
44,449,1
44,471,1
44,474,1
44,637,1
44,643,1
44,812,1
44,1004,1
44,1089,1
44,1267,1
44,1338,1
45,53,1
45,69,1
45,98,1
45,321,1
45,386,1
45,854,1
45,893,1
45,1077,1
46,139,1
46,529,1
46,608,1
46,678,1
47,97,1
47,120,1
47,566,1
47,1085,1
47,1162,1
47,1429,1
48,63,1
48,154,1
48,158,1
48,256,1
48,272,1
48,320,1
48,401,1
48,702,1
48,711,1
48,1023,1
48,1358,1
49,351,1
49,440,1
49,596,1
49,597,1
49,1169,1
50,121,1
50,127,1
50,287,1
50,376,1
50,378,1
50,759,1
50,892,1
50,1017,1
50,1414,1
50,1443,1
50,1465,1
50,1475,1
51,72,1
51,190,1
51,392,1
51,697,1
51,834,1
52,143,1
52,355,1
52,376,1
52,449,1
52,1265,1
53,57,1
53,66,1
53,68,1
53,74,1
53,76,1
53,107,1
53,114,1
53,130,1
53,142,1
53,246,1
53,384,1
53,404,1
53,501,1
53,585,1
53,664,1
53,725,1
53,911,1
53,954,1
53,1134,1
53,1454,1
54,149,1
54,209,1
54,846,1
54,868,1
55,58,1
55,73,1
55,193,1
55,241,1
55,246,1
55,272,1
55,441,1
55,513,1
55,617,1
55,701,1
56,75,1
56,86,1
56,103,1
56,281,1
56,360,1
56,385,1
56,421,1
56,500,1
56,715,1
56,767,1
56,787,1
56,888,1
56,967,1
56,1345,1
57,128,1
57,276,1
57,539,1
57,669,1
57,812,1
57,1352,1
58,511,1
58,520,1
58,602,1
58,816,1
58,1030,1
58,1092,1
58,1250,1
59,180,1
59,222,1
59,236,1
59,238,1
59,425,1
59,447,1
59,455,1
59,795,1
59,842,1
59,1074,1
59,1256,1
60,125,1
60,169,1
60,424,1
60,645,1
60,862,1
61,64,1
61,94,1
61,168,1
61,248,1
61,290,1
61,323,1
61,367,1
61,427,1
61,581,1
61,633,1
61,793,1
61,950,1
61,1153,1
61,1341,1
62,223,1
62,906,1
62,1495,1
63,76,1
63,98,1
63,103,1
63,118,1
63,135,1
63,150,1
63,205,1
63,281,1
63,291,1
63,338,1
63,342,1
63,385,1
63,417,1
63,468,1
63,476,1
63,483,1
63,542,1
63,549,1
63,1011,1
63,1050,1
63,1070,1
63,1317,1
63,1328,1
63,1395,1
63,1416,1
63,1429,1
64,729,1
65,70,1
65,127,1
65,209,1
65,241,1
65,273,1
65,310,1
65,314,1
65,366,1
65,522,1
65,531,1
65,590,1
65,809,1
65,849,1
65,891,1
65,1178,1
65,1378,1
65,1401,1
66,102,1
66,206,1
66,274,1
66,327,1
66,384,1
66,1005,1
66,1355,1
67,121,1
67,149,1
67,193,1
67,478,1
67,492,1
67,566,1
67,585,1
67,747,1
67,751,1
67,1044,1
67,1162,1
67,1269,1
68,74,1
68,77,1
68,87,1
68,122,1
68,127,1
68,175,1
68,194,1
68,212,1
68,244,1
68,277,1
68,289,1
68,327,1
68,363,1
68,390,1
68,399,1
68,553,1
68,636,1
68,730,1
68,760,1
68,797,1
68,804,1
68,1479,1
69,114,1
69,134,1
69,199,1
69,323,1
69,355,1
69,434,1
69,670,1
69,826,1
69,930,1
69,1111,1
69,1154,1
69,1436,1
70,91,1
70,148,1
70,690,1
70,888,1
70,1029,1
70,1053,1
70,1251,1
71,167,1
71,289,1
71,630,1
71,670,1
71,779,1
71,791,1
71,999,1
71,1474,1
72,108,1
72,195,1
72,197,1
72,344,1
72,515,1
72,538,1
72,580,1
72,624,1
72,1019,1
72,1448,1
72,1465,1
72,1481,1
73,189,1
73,217,1
73,1133,1
73,1187,1
73,1317,1
74,102,1
74,159,1
74,292,1
74,295,1
74,329,1
74,333,1
74,381,1
74,445,1
74,448,1
74,494,1
74,533,1
74,645,1
74,1056,1
74,1380,1
74,1452,1
75,87,1
75,90,1
75,100,1
75,105,1
75,133,1
75,135,1
75,308,1
75,453,1
75,458,1
75,522,1
75,524,1
75,568,1
75,626,1
75,765,1
75,778,1
75,837,1
75,853,1
75,1143,1
75,1156,1
75,1216,1
75,1253,1
75,1261,1
75,1366,1
75,1385,1
75,1390,1
76,78,1
76,188,1
76,212,1
76,234,1
76,1121,1
76,1331,1
77,89,1
77,208,1
77,525,1
77,591,1
77,703,1
77,863,1
77,963,1
77,1016,1
77,1493,1
78,301,1
78,350,1
78,472,1
78,552,1
78,684,1
78,1200,1
78,1256,1
78,1272,1
78,1418,1
79,117,1
79,183,1
79,184,1
79,403,1
79,470,1
79,495,1
79,560,1
79,572,1
79,706,1
79,1357,1
80,709,1
80,943,1
81,176,1
81,179,1
81,180,1
81,236,1
81,301,1
81,573,1
81,662,1
81,683,1
81,708,1
81,788,1
81,852,1
81,970,1
81,991,1
81,1206,1
81,1340,1
81,1393,1
81,1460,1
81,1491,1
82,417,1
82,967,1
83,104,1
83,193,1
83,291,1
83,364,1
83,538,1
83,563,1
83,799,1
83,882,1
83,1203,1
83,1337,1
83,1475,1
84,136,1
84,161,1
84,188,1
84,214,1
84,252,1
84,309,1
84,326,1
84,347,1
84,370,1
84,440,1
84,443,1
84,593,1
84,610,1
84,677,1
84,745,1
84,750,1
84,783,1
84,925,1
84,1099,1
84,1134,1
84,1232,1
84,1297,1
84,1484,1
85,481,1
86,107,1
86,153,1
86,164,1
86,179,1
86,190,1
86,347,1
86,536,1
86,548,1
86,549,1
86,640,1
86,889,1
86,1000,1
86,1070,1
86,1356,1
87,100,1
87,164,1
87,239,1
87,331,1
87,409,1
87,423,1
87,507,1
87,591,1
87,596,1
87,641,1
87,928,1
87,969,1
87,1006,1
87,1080,1
87,1110,1
87,1166,1
87,1184,1
87,1214,1
87,1395,1
88,147,1
88,168,1
88,235,1
88,583,1
88,599,1
88,1036,1
88,1173,1
88,1213,1
88,1499,1
89,99,1
89,131,1
89,153,1
89,183,1
89,229,1
89,245,1
89,377,1
89,1402,1
90,91,1
91,96,1
91,164,1
91,464,1
91,623,1
91,1137,1
91,1206,1
91,1247,1
91,1360,1
92,219,1
92,284,1
92,305,1
92,576,1
92,589,1
92,679,1
92,1396,1
93,221,1
93,598,1
93,654,1
93,677,1
93,894,1
93,1082,1
93,1123,1
93,1228,1
94,1187,1
95,372,1
95,405,1
95,768,1
95,777,1
95,1135,1
95,1146,1
95,1471,1
96,106,1
96,205,1
96,446,1
96,475,1
96,498,1
96,574,1
96,650,1
96,950,1
96,1105,1
96,1131,1
96,1363,1
96,1413,1
97,107,1
97,129,1
97,233,1
97,256,1
97,257,1
97,303,1
97,336,1
97,600,1
97,604,1
97,721,1
97,735,1
97,911,1
97,989,1
97,1241,1
97,1367,1
97,1369,1
98,99,1
98,106,1
98,118,1
98,185,1
98,203,1
98,218,1
98,230,1
98,247,1
98,306,1
98,307,1
98,335,1
98,351,1
98,407,1
98,419,1
98,462,1
98,508,1
98,516,1
98,636,1
98,641,1
98,778,1
98,779,1
98,790,1
98,840,1
98,842,1
98,865,1
98,1048,1
98,1094,1
98,1116,1
98,1183,1
98,1254,1
98,1278,1
98,1311,1
99,190,1
99,288,1
99,329,1
99,409,1
99,497,1
99,562,1
99,666,1
99,717,1
99,1312,1
100,266,1
100,391,1
100,429,1
100,463,1
100,587,1
100,654,1
100,716,1
100,736,1
100,867,1
100,942,1
100,1246,1
101,174,1
101,231,1
101,300,1
101,644,1
101,1125,1
101,1251,1
102,117,1
102,161,1
102,212,1
102,333,1
102,394,1
102,413,1
102,659,1
102,758,1
102,786,1
102,1011,1
102,1246,1
103,112,1
103,128,1
103,144,1
103,203,1
103,204,1
103,516,1
103,517,1
103,1480,1
104,108,1
104,171,1
104,408,1
104,434,1
104,621,1
104,681,1
104,728,1
104,743,1
104,951,1
104,1008,1
105,156,1
105,535,1
105,554,1
106,115,1
106,161,1
107,299,1
107,757,1
107,1023,1
108,217,1
108,452,1
108,562,1
108,1085,1
108,1470,1
109,353,1
109,431,1
109,440,1
109,481,1
109,876,1
109,1185,1
110,111,1
110,131,1
110,1020,1
111,119,1
111,712,1
111,749,1
111,911,1
111,1100,1
111,1137,1
112,240,1
112,302,1
112,520,1
112,744,1
112,824,1
112,832,1
112,867,1
112,1042,1
112,1047,1
112,1201,1
114,119,1
114,237,1
114,288,1
114,301,1
114,458,1
114,468,1
114,549,1
114,874,1
114,1478,1
115,322,1
115,467,1
115,912,1
115,1118,1
115,1265,1
116,186,1
116,258,1
116,422,1
116,496,1
116,540,1
116,893,1
117,126,1
117,129,1
117,141,1
117,187,1
117,207,1
117,470,1
117,518,1
117,715,1
117,847,1
117,897,1
117,947,1
117,1476,1
118,262,1
118,351,1
118,406,1
118,522,1
118,629,1
118,827,1
118,1004,1
118,1222,1
118,1400,1
119,172,1
119,196,1
119,325,1
119,484,1
119,766,1
119,918,1
119,1117,1
119,1373,1
119,1484,1
120,125,1
120,152,1
120,219,1
120,323,1
120,345,1
120,432,1
120,553,1
120,609,1
120,699,1
120,840,1
120,1081,1
121,154,1
121,187,1
121,865,1
121,962,1
121,974,1
121,1090,1
122,148,1
122,231,1
122,285,1
122,353,1
122,438,1
122,620,1
122,701,1
122,798,1
122,937,1
122,1374,1
123,177,1
123,255,1
123,352,1
123,555,1
123,595,1
123,690,1
123,698,1
123,713,1
123,937,1
123,992,1
123,1189,1
123,1195,1
123,1373,1
123,1428,1
123,1470,1
124,173,1
124,286,1
124,311,1
124,371,1
124,477,1
124,550,1
124,662,1
124,828,1
124,1117,1
124,1442,1
125,216,1
125,820,1
125,1386,1
125,1483,1
126,258,1
126,630,1
126,702,1
126,958,1
126,1157,1
126,1271,1
127,292,1
127,396,1
127,397,1
127,530,1
128,163,1
128,204,1
128,237,1
128,267,1
128,397,1
128,687,1
128,695,1
128,764,1
128,796,1
128,984,1
128,1001,1
128,1216,1
128,1341,1
128,1347,1
129,167,1
129,218,1
129,361,1
129,392,1
129,472,1
129,961,1
129,992,1
129,1169,1
129,1278,1
130,420,1
130,542,1
130,733,1
130,795,1
130,860,1
130,879,1
130,912,1
130,927,1
130,932,1
130,1045,1
131,142,1
131,365,1
131,546,1
131,688,1
132,755,1
132,987,1
132,1288,1
133,141,1
133,220,1
133,257,1
133,394,1
133,1232,1
134,186,1
134,330,1
134,558,1
134,713,1
134,754,1
134,814,1
134,826,1
134,931,1
134,1268,1
135,191,1
135,208,1
135,282,1
135,401,1
135,412,1
135,527,1
135,689,1
135,704,1
135,852,1
135,1078,1
135,1130,1
135,1136,1
135,1260,1
135,1349,1
135,1363,1
136,210,1
136,300,1
136,430,1
136,497,1
136,555,1
137,185,1
137,556,1
137,871,1
138,177,1
138,403,1
138,525,1
138,724,1
138,756,1
138,765,1
138,909,1
138,1002,1
138,1041,1
138,1052,1
138,1270,1
138,1437,1
139,247,1
139,370,1
139,599,1
139,717,1
139,759,1
139,846,1
139,847,1
139,869,1
139,945,1
139,1200,1
139,1368,1
139,1386,1
139,1481,1
140,149,1
140,165,1
140,192,1
140,211,1
140,233,1
140,250,1
140,262,1
140,305,1
140,311,1
140,348,1
140,396,1
140,759,1
140,889,1
140,1221,1
140,1425,1
141,232,1
141,493,1
141,1232,1
141,1289,1
142,200,1
142,457,1
142,486,1
142,638,1
142,883,1
142,987,1
142,1186,1
144,178,1
144,228,1
144,344,1
144,354,1
144,418,1
144,477,1
144,507,1
144,596,1
144,751,1
144,886,1
144,935,1
144,1266,1
145,166,1
145,263,1
145,668,1
145,1009,1
146,447,1
147,232,1
147,319,1
147,433,1
147,483,1
147,504,1
147,543,1
148,789,1
148,893,1
149,310,1
149,388,1
149,553,1
149,728,1
149,739,1
149,1048,1
149,1291,1
151,166,1
151,251,1
151,547,1
151,619,1
151,809,1
151,839,1
152,389,1
152,508,1
153,250,1
153,264,1
153,268,1
153,322,1
153,381,1
153,478,1
153,687,1
153,688,1
153,1106,1
153,1122,1
153,1274,1
153,1313,1
153,1363,1
154,208,1
154,239,1
154,366,1
154,409,1
154,488,1
154,489,1
154,492,1
154,520,1
154,565,1
154,568,1
154,641,1
154,792,1
154,822,1
154,891,1
154,998,1
154,1009,1
154,1167,1
154,1189,1
154,1450,1
155,159,1
155,594,1
155,607,1
155,732,1
155,1184,1
155,1335,1
156,450,1
156,465,1
156,490,1
156,1356,1
157,267,1
157,312,1
158,263,1
158,296,1
158,524,1
158,526,1
159,177,1
159,284,1
159,347,1
159,1031,1
160,192,1
160,451,1
160,528,1
160,635,1
160,758,1
160,1072,1
160,1073,1
160,1499,1
161,249,1
161,264,1
161,567,1
161,772,1
161,800,1
161,901,1
162,189,1
162,415,1
162,859,1
162,949,1
162,1252,1
163,253,1
163,367,1
163,505,1
163,628,1
163,843,1
163,1383,1
164,328,1
164,402,1
164,517,1
164,922,1
165,1012,1
166,176,1
166,213,1
166,224,1
166,248,1
166,280,1
166,316,1
166,345,1
166,410,1
166,469,1
166,484,1
166,534,1
166,583,1
166,611,1
166,789,1
166,904,1
166,1028,1
166,1184,1
166,1434,1
167,224,1
167,230,1
167,285,1
167,304,1
167,332,1
167,430,1
167,502,1
167,594,1
167,619,1
167,656,1
167,699,1
167,714,1
167,730,1
167,755,1
167,761,1
167,872,1
167,879,1
167,964,1
167,1009,1
167,1219,1
167,1270,1
167,1378,1
167,1381,1
167,1423,1
168,284,1
168,1053,1
168,1349,1
168,1389,1
169,196,1
169,402,1
169,590,1
169,616,1
169,628,1
169,736,1
169,819,1
169,830,1
169,916,1
169,918,1
169,1162,1
169,1202,1
169,1238,1
169,1309,1
170,205,1
170,344,1
170,673,1
170,991,1
170,1250,1
171,365,1
171,686,1
171,1056,1
172,541,1
173,202,1
173,496,1
173,646,1
173,1003,1
173,1055,1
173,1175,1
174,240,1
174,400,1
174,621,1
174,952,1
174,967,1
174,1203,1
174,1220,1
174,1487,1
175,259,1
175,486,1
175,533,1
175,569,1
175,689,1
175,1029,1
175,1238,1
175,1293,1
176,333,1
176,356,1
177,247,1
177,253,1
177,254,1
177,313,1
177,454,1
177,463,1
177,509,1
177,634,1
177,667,1
177,682,1
177,739,1
177,780,1
177,1215,1
177,1306,1
177,1417,1
177,1438,1
178,210,1
178,266,1
178,1185,1
178,1403,1
179,259,1
179,435,1
179,510,1
179,603,1
179,698,1
179,795,1
179,1026,1
179,1182,1
179,1323,1
180,228,1
180,480,1
180,765,1
180,770,1
180,1014,1
180,1224,1
180,1388,1
180,1426,1
181,277,1
181,705,1
181,903,1
182,204,1
182,223,1
182,315,1
182,1099,1
182,1284,1
182,1375,1
182,1454,1
183,196,1
183,286,1
183,383,1
183,493,1
183,866,1
183,1096,1
183,1264,1
184,871,1
184,895,1
185,361,1
185,371,1
185,455,1
185,932,1
185,964,1
185,1069,1
185,1305,1
186,342,1
186,443,1
186,489,1
186,552,1
186,1033,1
186,1053,1
186,1146,1
186,1237,1
187,200,1
187,311,1
187,341,1
187,584,1
187,665,1
187,916,1
187,934,1
188,636,1
188,1037,1
188,1402,1
189,529,1
189,723,1
189,939,1
189,1163,1
189,1215,1
189,1327,1
189,1431,1
190,242,1
190,396,1
190,437,1
190,459,1
190,643,1
190,1183,1
190,1322,1
190,1339,1
190,1414,1
191,611,1
191,696,1
191,877,1
192,554,1
192,693,1
192,740,1
192,915,1
192,933,1
193,226,1
193,450,1
193,582,1
193,615,1
193,672,1
193,784,1
193,848,1
193,858,1
193,1275,1
193,1286,1
193,1459,1
194,220,1
194,286,1
194,390,1
194,466,1
194,674,1
194,836,1
194,1394,1
195,368,1
195,465,1
195,776,1
195,1172,1
196,278,1
196,436,1
196,912,1
196,1170,1
197,1108,1
198,851,1
198,852,1
198,878,1
199,261,1
199,334,1
199,659,1
199,662,1
199,699,1
199,1021,1
199,1150,1
200,355,1
200,528,1
200,672,1
200,682,1
200,875,1
200,1135,1
200,1367,1
200,1372,1
201,392,1
201,766,1
202,283,1
202,470,1
202,683,1
202,838,1
203,609,1
204,471,1
204,1197,1
204,1267,1
205,426,1
205,772,1
205,1286,1
206,273,1
206,545,1
206,811,1
207,326,1
208,1219,1
209,228,1
209,268,1
209,283,1
209,346,1
209,559,1
209,601,1
209,844,1
209,1329,1
210,294,1
210,403,1
210,428,1
210,638,1
210,965,1
210,1069,1
210,1314,1
210,1489,1
211,421,1
211,651,1
211,1478,1
212,374,1
212,1359,1
213,639,1
213,660,1
214,836,1
215,674,1
215,945,1
215,1059,1
215,1496,1
216,352,1
216,453,1
216,1296,1
216,1463,1
217,504,1
217,671,1
218,416,1
218,563,1
218,579,1
218,783,1
218,936,1
218,1030,1
219,225,1
219,271,1
219,334,1
219,519,1
219,821,1
219,964,1
219,1123,1
219,1242,1
220,554,1
220,1010,1
221,225,1
221,564,1
221,873,1
221,909,1
222,265,1
222,312,1
222,740,1
222,805,1
222,850,1
223,260,1
223,1304,1
224,251,1
224,341,1
224,360,1
224,456,1
224,464,1
224,775,1
224,870,1
224,1155,1
224,1245,1
224,1347,1
225,366,1
225,425,1
225,491,1
225,635,1
225,855,1
225,950,1
225,954,1
225,1040,1
225,1179,1
226,382,1
226,439,1
226,997,1
227,372,1
227,386,1
227,511,1
227,899,1
227,996,1
227,1008,1
227,1049,1
227,1243,1
227,1395,1
228,561,1
229,255,1
229,274,1
229,343,1
229,475,1
229,648,1
229,926,1
229,1010,1
229,1405,1
230,499,1
230,568,1
230,752,1
230,1167,1
230,1234,1
230,1482,1
231,478,1
231,1128,1
232,634,1
232,902,1
232,923,1
233,377,1
233,756,1
233,1458,1
234,546,1
234,880,1
234,1467,1
235,408,1
235,494,1
235,521,1
235,523,1
235,547,1
235,580,1
235,668,1
235,749,1
235,844,1
235,915,1
235,1101,1
235,1244,1
236,243,1
236,293,1
236,320,1
236,349,1
236,442,1
236,654,1
236,714,1
237,358,1
237,485,1
237,492,1
237,985,1
237,1092,1
237,1137,1
237,1340,1
237,1423,1
238,1321,1
238,1328,1
239,391,1
239,421,1
239,453,1
239,539,1
239,907,1
239,1231,1
239,1381,1
239,1407,1
240,254,1
240,1252,1
241,452,1
241,460,1
241,527,1
241,666,1
241,1425,1
242,261,1
242,803,1
242,931,1
242,956,1
243,290,1
243,352,1
243,584,1
243,1273,1
244,1323,1
245,541,1
245,671,1
245,808,1
245,1049,1
246,260,1
246,327,1
246,671,1
246,1015,1
246,1058,1
247,438,1
247,443,1
247,528,1
247,655,1
247,710,1
247,746,1
247,757,1
247,767,1
247,905,1
247,1079,1
247,1126,1
247,1152,1
247,1173,1
247,1244,1
248,606,1
248,1003,1
248,1062,1
249,368,1
249,576,1
250,282,1
250,444,1
250,799,1
250,883,1
250,1194,1
250,1240,1
250,1458,1
251,275,1
251,298,1
251,325,1
251,364,1
251,427,1
251,529,1
251,559,1
251,577,1
251,586,1
251,697,1
251,828,1
251,834,1
251,1206,1
251,1248,1
251,1318,1
251,1448,1
252,744,1
252,1440,1
253,356,1
253,362,1
253,557,1
253,1034,1
253,1424,1
254,542,1
254,1195,1
255,415,1
255,563,1
255,672,1
255,675,1
255,737,1
255,1326,1
255,1355,1
255,1358,1
256,269,1
256,486,1
256,1104,1
256,1223,1
257,620,1
257,914,1
257,1218,1
258,417,1
258,587,1
258,659,1
258,947,1
258,975,1
258,1111,1
258,1482,1
260,269,1
260,274,1
260,429,1
260,612,1
260,658,1
260,737,1
261,354,1
262,328,1
262,741,1
262,777,1
263,386,1
263,924,1
263,1035,1
263,1172,1
263,1188,1
263,1291,1
263,1346,1
263,1438,1
264,398,1
264,1408,1
264,1419,1
265,345,1
265,835,1
266,313,1
266,382,1
266,395,1
266,597,1
266,772,1
266,856,1
266,877,1
266,1013,1
266,1024,1
266,1199,1
266,1204,1
266,1404,1
267,307,1
267,342,1
267,413,1
267,451,1
267,642,1
267,644,1
267,691,1
267,709,1
267,833,1
267,938,1
267,1106,1
267,1289,1
267,1313,1
267,1322,1
267,1485,1
268,272,1
268,457,1
269,331,1
269,375,1
269,420,1
269,707,1
269,810,1
270,455,1
271,412,1
271,823,1
271,1350,1
272,473,1
272,540,1
272,598,1
272,739,1
272,1129,1
272,1233,1
272,1294,1
273,1304,1
274,275,1
274,276,1
274,436,1
274,692,1
274,703,1
274,711,1
274,1032,1
274,1089,1
274,1315,1
274,1411,1
275,502,1
275,718,1
275,773,1
275,1339,1
276,302,1
276,540,1
276,626,1
276,629,1
276,746,1
276,800,1
276,1078,1
276,1108,1
276,1168,1
276,1333,1
277,642,1
277,920,1
277,971,1
277,1287,1
278,548,1
278,1072,1
279,734,1
279,754,1
279,821,1
279,1086,1
279,1492,1
280,410,1
280,647,1
280,892,1
280,904,1
280,992,1
280,1147,1
280,1325,1
282,332,1
282,379,1
282,762,1
282,856,1
283,558,1
283,631,1
283,781,1
283,786,1
283,1032,1
284,319,1
284,331,1
284,441,1
284,980,1
284,999,1
284,1122,1
284,1227,1
285,428,1
285,770,1
285,1174,1
285,1247,1
286,1310,1
286,1368,1
287,592,1
287,843,1
287,845,1
287,1061,1
287,1114,1
288,860,1
289,1155,1
289,1410,1
289,1460,1
290,313,1
290,548,1
290,597,1
291,502,1
291,1051,1
291,1197,1
292,400,1
293,456,1
293,503,1
293,961,1
293,1116,1
294,432,1
295,582,1
296,302,1
296,465,1
296,1013,1
296,1409,1
297,471,1
297,544,1
297,972,1
298,461,1
298,622,1
298,663,1
298,804,1
298,884,1
298,1142,1
298,1240,1
298,1319,1
298,1439,1
299,1198,1
299,1266,1
300,606,1
300,802,1
300,1037,1
302,315,1
302,457,1
302,1024,1
302,1480,1
303,324,1
304,343,1
304,676,1
304,949,1
304,1018,1
304,1025,1
304,1131,1
304,1150,1
304,1335,1
305,523,1
305,649,1
305,661,1
305,728,1
305,729,1
306,340,1
306,476,1
306,698,1
306,1046,1
307,330,1
307,1031,1
307,1157,1
307,1225,1
308,692,1
308,763,1
308,803,1
309,859,1
310,990,1
311,332,1
311,720,1
311,848,1
311,905,1
313,406,1
313,1125,1
314,884,1
315,1088,1
316,414,1
316,657,1
316,1081,1
316,1223,1
317,336,1
317,376,1
317,573,1
317,969,1
317,1052,1
317,1284,1
318,336,1
318,571,1
318,618,1
318,635,1
318,801,1
318,845,1
318,1429,1
319,589,1
319,700,1
319,1307,1
320,663,1
320,932,1
320,1442,1
321,627,1
321,704,1
322,481,1
322,1015,1
323,423,1
323,1126,1
324,719,1
324,731,1
324,938,1
324,1480,1
325,377,1
325,439,1
325,466,1
325,473,1
325,565,1
325,582,1
325,807,1
325,876,1
325,940,1
325,972,1
325,1141,1
325,1187,1
325,1319,1
325,1397,1
325,1422,1
326,1473,1
327,357,1
327,680,1
327,1015,1
328,416,1
328,432,1
328,946,1
329,379,1
329,796,1
329,981,1
329,1192,1
330,1038,1
330,1152,1
330,1469,1
330,1490,1
331,382,1
331,837,1
331,856,1
331,1143,1
332,957,1
332,1210,1
333,380,1
333,1007,1
333,1014,1
333,1159,1
334,404,1
334,434,1
334,435,1
334,1127,1
334,1209,1
334,1351,1
334,1362,1
335,349,1
335,368,1
335,485,1
335,661,1
335,894,1
335,1334,1
337,1148,1
337,1168,1
338,358,1
338,1178,1
338,1210,1
339,1493,1
340,348,1
340,482,1
340,493,1
340,857,1
340,988,1
340,1133,1
340,1361,1
340,1369,1
340,1389,1
341,576,1
341,695,1
341,1066,1
341,1217,1
341,1462,1
342,428,1
342,429,1
342,644,1
342,694,1
342,989,1
343,544,1
343,574,1
343,1011,1
343,1325,1
344,782,1
344,1230,1
345,411,1
345,724,1
345,1103,1
345,1366,1
345,1430,1
346,378,1
346,488,1
346,1160,1
346,1174,1
347,718,1
348,364,1
348,381,1
348,575,1
348,858,1
348,1072,1
348,1408,1
350,561,1
351,534,1
351,885,1
351,1110,1
351,1161,1
351,1212,1
351,1265,1
351,1331,1
352,506,1
352,652,1
352,1147,1
353,467,1
354,744,1
354,1007,1
354,1345,1
354,1436,1
355,647,1
356,536,1
358,498,1
358,532,1
358,570,1
358,727,1
358,1478,1
359,708,1
359,1391,1
360,373,1
360,411,1
360,494,1
360,495,1
360,680,1
360,901,1
360,1207,1
361,393,1
361,422,1
361,437,1
361,445,1
361,733,1
361,753,1
361,764,1
361,854,1
361,861,1
361,917,1
361,942,1
361,989,1
361,1057,1
361,1161,1
361,1245,1
361,1257,1
361,1292,1
363,1267,1
364,395,1
364,413,1
364,431,1
364,482,1
364,871,1
364,875,1
364,956,1
364,1295,1
365,400,1
365,1492,1
366,591,1
366,760,1
366,850,1
366,919,1
366,977,1
366,1233,1
366,1314,1
367,387,1
367,451,1
367,580,1
367,667,1
367,885,1
367,1336,1
368,551,1
368,633,1
368,1168,1
369,1177,1
369,1315,1
370,588,1
371,737,1
371,1042,1
372,468,1
372,496,1
372,518,1
372,681,1
372,768,1
372,781,1
372,1039,1
372,1112,1
372,1297,1
372,1406,1
373,424,1
373,599,1
373,705,1
373,897,1
373,955,1
373,1130,1
373,1405,1
374,461,1
374,1067,1
374,1097,1
374,1120,1
375,498,1
375,933,1
375,993,1
376,399,1
377,485,1
377,1098,1
378,513,1
378,782,1
378,814,1
379,490,1
379,658,1
379,689,1
380,1028,1
380,1365,1
381,632,1
381,980,1
381,1218,1
381,1303,1
382,402,1
382,463,1
382,788,1
382,1032,1
383,405,1
383,849,1
384,958,1
384,1007,1
385,406,1
385,1258,1
386,516,1
386,825,1
386,944,1
386,969,1
386,1017,1
386,1388,1
388,940,1
389,669,1
389,1079,1
389,1224,1
389,1350,1
390,1201,1
390,1229,1
391,405,1
391,741,1
391,846,1
392,945,1
392,963,1
392,1342,1
394,601,1
394,806,1
394,886,1
394,1065,1
394,1368,1
397,510,1
397,742,1
397,865,1
398,630,1
398,643,1
398,997,1
399,735,1
399,948,1
399,1283,1
401,818,1
401,927,1
404,431,1
404,797,1
404,1149,1
405,864,1
405,872,1
406,537,1
406,551,1
406,879,1
406,1021,1
406,1462,1
408,767,1
409,593,1
411,694,1
412,976,1
412,1109,1
412,1144,1
413,1052,1
413,1311,1
414,665,1
415,791,1
415,872,1
415,1067,1
415,1166,1
417,500,1
417,794,1
417,1047,1
419,747,1
419,1103,1
419,1156,1
419,1208,1
420,721,1
420,810,1
420,935,1
420,1377,1
421,583,1
422,561,1
422,725,1
422,896,1
422,1328,1
422,1367,1
422,1437,1
423,1276,1
424,613,1
424,1250,1
424,1406,1
425,480,1
425,515,1
425,712,1
425,1066,1
425,1086,1
425,1449,1
426,509,1
426,802,1
426,812,1
426,1017,1
426,1115,1
427,519,1
427,1269,1
428,474,1
428,570,1
428,606,1
428,890,1
428,1006,1
428,1041,1
428,1445,1
428,1469,1
430,448,1
430,666,1
430,757,1
430,887,1
430,1447,1
431,452,1
431,647,1
431,676,1
431,708,1
431,1101,1
431,1359,1
431,1427,1
431,1470,1
432,526,1
434,454,1
435,495,1
435,746,1
435,999,1
435,1498,1
436,786,1
436,1124,1
436,1201,1
437,960,1
440,1060,1
440,1474,1
441,669,1
441,1003,1
442,801,1
442,857,1
442,1155,1
443,874,1
443,1130,1
444,595,1
444,1000,1
446,880,1
446,1217,1
447,1087,1
448,503,1
448,1086,1
449,677,1
450,544,1
450,614,1
450,724,1
450,925,1
451,843,1
452,1151,1
452,1248,1
453,1125,1
453,1443,1
454,953,1
454,1435,1
455,933,1
458,776,1
459,567,1
459,1082,1
460,1342,1
460,1461,1
462,504,1
462,1101,1
462,1181,1
463,614,1
463,806,1
463,1244,1
463,1440,1
464,1196,1
465,1161,1
467,617,1
468,1115,1
468,1464,1
469,487,1
469,565,1
469,809,1
469,1038,1
470,512,1
470,645,1
470,1025,1
470,1317,1
471,919,1
471,1139,1
471,1176,1
472,1227,1
473,1332,1
474,1149,1
475,745,1
475,1119,1
475,1262,1
476,884,1
477,839,1
477,863,1
478,513,1
478,775,1
478,808,1
478,875,1
478,1180,1
479,722,1
479,1008,1
479,1238,1
480,703,1
480,1455,1
482,1102,1
482,1104,1
483,1272,1
484,639,1
484,867,1
484,1226,1
484,1344,1
485,531,1
486,820,1
486,927,1
486,1280,1
487,1051,1
487,1098,1
489,625,1
489,1163,1
490,799,1
490,823,1
490,1249,1
491,602,1
491,1059,1
492,956,1
494,707,1
494,1051,1
494,1156,1
496,577,1
496,586,1
496,656,1
496,793,1
497,673,1
497,710,1
497,963,1
497,1041,1
497,1354,1
497,1455,1
498,1257,1
499,625,1
499,785,1
499,816,1
500,571,1
501,574,1
501,585,1
501,1026,1
501,1123,1
501,1133,1
501,1153,1
501,1399,1
502,939,1
503,587,1
505,680,1
506,844,1
506,1251,1
506,1283,1
507,546,1
507,985,1
507,988,1
507,1143,1
508,1279,1
509,813,1
509,864,1
509,1036,1
509,1094,1
510,971,1
511,841,1
512,621,1
512,1212,1
513,631,1
514,938,1
514,940,1
515,841,1
515,862,1
516,924,1
516,1088,1
516,1121,1
516,1422,1
518,1461,1
520,555,1
520,791,1
520,1106,1
522,815,1
522,1046,1
522,1102,1
522,1316,1
524,592,1
524,1177,1
525,920,1
526,541,1
526,1286,1
527,748,1
527,949,1
527,1282,1
528,530,1
528,773,1
528,855,1
528,914,1
528,1176,1
528,1230,1
528,1456,1
529,821,1
529,1095,1
530,800,1
532,589,1
532,615,1
532,818,1
532,929,1
532,952,1
532,1298,1
532,1466,1
533,581,1
533,1419,1
533,1445,1
534,567,1
534,616,1
534,994,1
535,696,1
535,716,1
535,850,1
536,962,1
536,1239,1
536,1391,1
538,653,1
539,833,1
539,1045,1
540,1118,1
541,571,1
541,972,1
541,1059,1
541,1140,1
541,1147,1
543,559,1
543,608,1
543,665,1
543,771,1
543,898,1
543,907,1
543,1159,1
543,1229,1
544,1312,1
545,706,1
545,780,1
545,802,1
545,1166,1
545,1365,1
546,632,1
546,925,1
546,926,1
546,1040,1
546,1364,1
547,613,1
547,1171,1
549,863,1
549,1114,1
553,557,1
554,1209,1
554,1374,1
555,923,1
556,1088,1
556,1491,1
557,896,1
557,1225,1
557,1279,1
557,1348,1
559,656,1
559,657,1
559,705,1
560,715,1
560,822,1
560,970,1
564,794,1
565,637,1
565,1468,1
566,1205,1
566,1393,1
567,916,1
568,569,1
568,655,1
568,1148,1
569,1076,1
569,1195,1
569,1274,1
570,600,1
570,1347,1
570,1453,1
571,826,1
571,1245,1
572,900,1
572,1079,1
572,1087,1
573,578,1
573,678,1
573,1173,1
573,1385,1
574,723,1
574,1077,1
574,1432,1
575,653,1
575,797,1
575,1334,1
576,1300,1
576,1423,1
578,1097,1
578,1158,1
580,880,1
582,700,1
582,1270,1
583,732,1
583,747,1
584,626,1
584,738,1
584,1002,1
584,1027,1
584,1310,1
585,959,1
586,782,1
586,1160,1
587,1020,1
587,1446,1
588,780,1
588,954,1
589,883,1
589,913,1
589,936,1
589,1260,1
589,1401,1
590,688,1
590,1273,1
591,652,1
591,1190,1
591,1443,1
592,716,1
593,1333,1
595,895,1
595,1362,1
595,1412,1
596,930,1
597,675,1
597,740,1
598,1116,1
599,1080,1
599,1205,1
599,1374,1
600,734,1
601,1441,1
602,1071,1
603,762,1
603,1171,1
603,1192,1
603,1234,1
604,1049,1
606,751,1
606,1111,1
606,1221,1
606,1285,1
606,1451,1
608,741,1
608,1024,1
610,817,1
610,1172,1
611,987,1
611,1202,1
612,829,1
612,1142,1
612,1293,1
613,878,1
613,1138,1
615,711,1
615,1158,1
616,785,1
618,732,1
619,642,1
619,815,1
619,946,1
619,951,1
619,982,1
619,1473,1
620,655,1
620,726,1
620,1129,1
621,738,1
621,1219,1
623,1124,1
623,1136,1
623,1287,1
624,1018,1
624,1107,1
625,1081,1
626,832,1
626,1410,1
627,691,1
627,951,1
628,1154,1
628,1393,1
630,788,1
630,1119,1
630,1324,1
630,1472,1
632,704,1
632,1031,1
632,1319,1
633,723,1
633,896,1
633,1005,1
634,790,1
634,1057,1
634,1278,1
634,1284,1
634,1488,1
636,649,1
636,854,1
637,763,1
637,1456,1
639,869,1
639,873,1
639,1093,1
639,1141,1
642,955,1
643,694,1
643,709,1
643,953,1
643,1473,1
644,760,1
644,1228,1
644,1437,1
646,1064,1
646,1360,1
647,905,1
648,700,1
648,1177,1
648,1345,1
648,1467,1
649,761,1
649,1312,1
649,1383,1
651,827,1
651,1175,1
651,1193,1
652,841,1
653,887,1
655,966,1
655,1396,1
656,1457,1
658,733,1
658,1434,1
659,1376,1
660,973,1
660,1016,1
661,753,1
661,1193,1
661,1326,1
662,1120,1
665,842,1
667,1139,1
667,1427,1
668,1046,1
669,996,1
669,1222,1
669,1398,1
670,1170,1
670,1189,1
670,1360,1
671,743,1
671,874,1
671,1217,1
674,1043,1
674,1276,1
674,1460,1
675,819,1
675,971,1
675,1067,1
675,1199,1
676,830,1
676,915,1
676,1122,1
676,1358,1
677,783,1
677,1441,1
680,1454,1
682,754,1
683,1321,1
684,1140,1
684,1357,1
685,839,1
685,910,1
685,1092,1
685,1329,1
689,731,1
689,824,1
689,1202,1
690,960,1
690,1338,1
690,1399,1
692,868,1
692,966,1
693,900,1
695,903,1
695,1230,1
696,1165,1
696,1200,1
696,1237,1
697,1034,1
699,796,1
700,810,1
700,923,1
700,1271,1
700,1299,1
700,1418,1
701,1434,1
702,1096,1
703,857,1
703,908,1
703,1082,1
703,1366,1
706,1292,1
709,719,1
709,978,1
709,1194,1
709,1258,1
711,1020,1
712,922,1
713,816,1
714,898,1
716,1013,1
716,1064,1
718,1093,1
718,1105,1
719,727,1
719,1283,1
720,1014,1
723,1404,1
724,755,1
724,921,1
724,976,1
724,1209,1
724,1370,1
724,1490,1
725,888,1
725,1091,1
726,1179,1
729,1210,1
730,1006,1
732,1407,1
735,1056,1
735,1364,1
735,1449,1
736,1141,1
736,1227,1
737,941,1
737,1277,1
737,1285,1
739,1040,1
740,1063,1
741,968,1
741,1497,1
742,983,1
742,1016,1
742,1142,1
742,1343,1
746,861,1
746,973,1
746,1468,1
748,993,1
749,899,1
750,770,1
750,866,1
752,1075,1
752,1193,1
753,773,1
753,1158,1
753,1422,1
754,1124,1
754,1304,1
755,1002,1
755,1435,1
756,847,1
758,769,1
758,869,1
758,976,1
758,1012,1
758,1102,1
758,1280,1
758,1411,1
762,1356,1
766,1208,1
766,1373,1
767,769,1
767,897,1
768,993,1
768,1033,1
768,1037,1
768,1065,1
768,1268,1
768,1392,1
769,1425,1
771,1054,1
773,902,1
773,1226,1
775,895,1
778,1000,1
779,1255,1
780,790,1
780,1107,1
780,1257,1
781,941,1
782,1420,1
783,829,1
783,974,1
783,1027,1
783,1459,1
783,1463,1
784,817,1
784,995,1
784,1327,1
784,1353,1
784,1355,1
785,965,1
787,1084,1
787,1126,1
788,1254,1
790,1186,1
792,959,1
792,1389,1
793,1494,1
795,921,1
796,1076,1
796,1364,1
797,983,1
798,1128,1
800,1375,1
801,1121,1
801,1327,1
802,934,1
805,1399,1
806,907,1
808,1157,1
808,1237,1
808,1307,1
811,986,1
811,1176,1
812,1060,1
813,941,1
813,1069,1
815,1239,1
816,978,1
818,831,1
819,913,1
821,1019,1
821,1263,1
821,1287,1
822,1240,1
823,1431,1
823,1482,1
824,1313,1
825,1280,1
827,887,1
828,1329,1
828,1494,1
829,1316,1
832,1318,1
833,1254,1
834,1314,1
835,985,1
838,1120,1
838,1488,1
841,1183,1
844,1085,1
845,1387,1
846,851,1
846,902,1
847,1236,1
848,1054,1
848,1071,1
851,990,1
851,1163,1
851,1348,1
852,860,1
852,1099,1
853,1301,1
854,1094,1
854,1302,1
855,1083,1
855,1119,1
863,1483,1
865,1027,1
866,1076,1
866,1333,1
867,998,1
868,1063,1
869,1029,1
870,1170,1
871,889,1
871,948,1
871,1402,1
874,943,1
879,1332,1
879,1450,1
880,1330,1
881,1220,1
881,1277,1
882,1075,1
882,1380,1
883,890,1
883,1302,1
885,1466,1
887,1074,1
887,1442,1
888,1220,1
889,1047,1
889,1318,1
891,1435,1
891,1439,1
893,1320,1
895,1457,1
898,991,1
899,961,1
899,1043,1
900,1042,1
900,1336,1
902,1113,1
906,1084,1
910,1306,1
911,929,1
911,990,1
911,1216,1
913,1268,1
913,1394,1
915,1019,1
915,1479,1
917,1090,1
918,1489,1
919,1427,1
920,1258,1
921,1060,1
923,1160,1
924,1091,1
924,1211,1
925,1294,1
933,942,1
933,1058,1
934,1241,1
934,1323,1
935,1036,1
935,1061,1
938,966,1
939,960,1
940,1282,1
944,1093,1
947,1269,1
949,1095,1
949,1218,1
950,1344,1
952,994,1
953,1381,1
954,1275,1
954,1447,1
955,1115,1
956,1211,1
959,1044,1
959,1382,1
960,1415,1
962,1050,1
964,1083,1
965,1152,1
966,1223,1
967,1433,1
968,1242,1
968,1248,1
971,1100,1
971,1132,1
971,1191,1
971,1194,1
971,1432,1
972,1022,1
972,1213,1
972,1476,1
974,1419,1
975,981,1
975,1114,1
975,1477,1
976,1204,1
977,1275,1
978,1412,1
979,1305,1
979,1491,1
980,1445,1
983,1039,1
985,1343,1
985,1463,1
986,1070,1
986,1233,1
987,1112,1
987,1371,1
988,1054,1
988,1095,1
988,1303,1
993,1260,1
993,1416,1
995,1192,1
996,1321,1
998,1044,1
1003,1390,1
1004,1087,1
1005,1208,1
1006,1025,1
1008,1324,1
1011,1405,1
1017,1136,1
1017,1332,1
1017,1441,1
1020,1407,1
1021,1151,1
1021,1308,1
1023,1295,1
1024,1180,1
1024,1343,1
1025,1058,1
1025,1138,1
1026,1035,1
1029,1178,1
1029,1242,1
1030,1231,1
1030,1488,1
1033,1259,1
1033,1495,1
1034,1495,1
1037,1468,1
1040,1307,1
1040,1376,1
1045,1199,1
1046,1421,1
1047,1197,1
1047,1273,1
1048,1191,1
1049,1222,1
1050,1492,1
1051,1272,1
1053,1175,1
1053,1182,1
1058,1096,1
1060,1344,1
1061,1252,1
1062,1090,1
1063,1339,1
1064,1487,1
1066,1288,1
1069,1296,1
1075,1471,1
1076,1414,1
1078,1277,1
1078,1322,1
1078,1337,1
1078,1396,1
1080,1306,1
1081,1234,1
1081,1290,1
1082,1397,1
1083,1207,1
1084,1139,1
1086,1262,1
1088,1477,1
1090,1371,1
1091,1249,1
1091,1493,1
1096,1384,1
1097,1464,1
1101,1215,1
1102,1375,1
1106,1153,1
1113,1255,1
1115,1292,1
1115,1417,1
1116,1369,1
1121,1263,1
1123,1164,1
1128,1444,1
1129,1403,1
1134,1361,1
1136,1145,1
1138,1404,1
1140,1266,1
1142,1262,1
1143,1264,1
1149,1433,1
1150,1436,1
1157,1471,1
1164,1351,1
1165,1298,1
1168,1225,1
1174,1391,1
1174,1413,1
1180,1371,1
1181,1246,1
1185,1226,1
1185,1382,1
1196,1379,1
1197,1486,1
1202,1494,1
1212,1448,1
1220,1409,1
1222,1413,1
1224,1384,1
1225,1236,1
1225,1477,1
1227,1300,1
1229,1446,1
1231,1498,1
1232,1410,1
1237,1379,1
1241,1372,1
1251,1424,1
1256,1279,1
1256,1370,1
1256,1451,1
1265,1336,1
1266,1293,1
1274,1496,1
1285,1298,1
1286,1415,1
1287,1433,1
1291,1296,1
1292,1417,1
1296,1486,1
1300,1351,1
1302,1365,1
1306,1450,1
1312,1354,1
1312,1420,1
1313,1452,1
1315,1397,1
1319,1320,1
1319,1357,1
1319,1487,1
1320,1496,1
1321,1481,1
1323,1377,1
1326,1461,1
1340,1451,1
1341,1472,1
1343,1464,1
1346,1385,1
1348,1430,1
1348,1462,1
1358,1416,1
1364,1420,1
1398,1428,1
1403,1446,1
1411,1486,1
1440,1455,1
