Node,DegreeWeighted,Neighborhood,ConnectiveRedundancyWeighted,AvgShortestPathWeighted
0,22,10,0.545455,0.843675
1,6,3,0.500000,0.936664
2,8,4,0.500000,0.864265
3,5,4,0.200000,1.171494
4,7,4,0.428571,1.078854
5,4,4,0.000000,1.497240
6,3,3,0.000000,1.558357
7,4,3,0.250000,1.137669
8,14,10,0.285714,1.003699
9,3,3,0.000000,1.533032
10,7,5,0.285714,1.109880
11,13,9,0.307692,1.052894
12,4,3,0.250000,1.289058
13,6,3,0.500000,0.985015
14,6,4,0.333333,1.066158
15,8,5,0.375000,0.994000
16,6,4,0.333333,1.109014
17,5,4,0.200000,1.043651
18,4,3,0.250000,1.315590
19,6,4,0.333333,1.071392
20,7,4,0.428571,0.955909
21,12,7,0.416667,0.981605
22,12,6,0.500000,1.000332
23,13,7,0.461538,0.771787
24,3,2,0.333333,1.082637
25,3,3,0.000000,1.533682
26,15,9,0.400000,0.783382
27,3,3,0.000000,1.575872
28,7,3,0.571429,0.869014
29,3,3,0.000000,1.506600
30,3,3,0.000000,1.537147
31,6,4,0.333333,1.205942
32,5,4,0.200000,1.146352
33,4,3,0.250000,1.220178
34,3,3,0.000000,1.594377
35,4,3,0.250000,1.348578
36,15,3,0.800000,0.938665
37,3,3,0.000000,1.491391
38,9,5,0.444444,0.925984
39,45,19,0.577778,0.709927
40,9,7,0.222222,1.054539
41,158,47,0.702532,0.564900
42,44,21,0.522727,0.679732
43,53,20,0.622642,0.669286
44,23,15,0.347826,0.926143
45,14,11,0.214286,0.970489
46,34,15,0.558824,0.710210
47,10,5,0.500000,0.915699
48,61,21,0.655738,0.631261
49,38,17,0.552632,0.626295
50,18,11,0.388889,0.804506
51,15,11,0.266667,0.918658
52,99,46,0.535354,0.588229
53,44,22,0.500000,0.650886
54,133,55,0.586466,0.625753
55,50,18,0.640000,0.745669
56,80,36,0.550000,0.712027
57,38,20,0.473684,0.768157
58,55,27,0.509091,0.711768
59,115,43,0.626087,0.562385
60,72,28,0.611111,0.602474
61,41,17,0.585366,0.695023
62,71,34,0.521127,0.729938
63,49,30,0.387755,0.849372
64,20,14,0.300000,0.834544
65,52,25,0.519231,0.674627
66,54,23,0.574074,0.649052
67,76,29,0.618421,0.655466
68,60,26,0.566667,0.618564
69,38,24,0.368421,0.791266
70,70,31,0.557143,0.650421
71,43,23,0.465116,0.747896
72,39,21,0.461538,0.827712
73,53,23,0.566038,0.716628
74,16,11,0.312500,0.978477
75,43,25,0.418605,0.784998
76,34,17,0.500000,0.659741
77,93,40,0.569892,0.655786
78,49,25,0.489796,0.710969
79,15,11,0.266667,0.960686
80,22,7,0.681818,0.759868
81,40,15,0.625000,0.723094
82,60,27,0.550000,0.691730
83,41,22,0.463415,0.745208
84,106,44,0.584906,0.623733
85,48,28,0.416667,0.680378
86,24,15,0.375000,0.839849
87,80,37,0.537500,0.700954
88,79,36,0.544304,0.664125
89,124,48,0.612903,0.586051
90,50,22,0.560000,0.633950
91,35,21,0.400000,0.716020
92,212,60,0.716981,0.528441
93,66,25,0.621212,0.595804
94,47,19,0.595745,0.697915
95,61,30,0.508197,0.691815
96,44,21,0.522727,0.798834
97,44,24,0.454545,0.722405
98,94,36,0.617021,0.592643
99,65,34,0.476923,0.661288
100,128,40,0.687500,0.563406
101,123,35,0.715447,0.561223
102,250,67,0.732000,0.532666
103,92,39,0.576087,0.594566
104,85,36,0.576471,0.623382
105,10,7,0.300000,1.103605
106,18,11,0.388889,0.946182
107,56,30,0.464286,0.687166
108,90,33,0.633333,0.612673
109,96,30,0.687500,0.636713
110,51,18,0.647059,0.720805
111,44,21,0.522727,0.645244
112,121,54,0.553719,0.586037
113,69,36,0.478261,0.720832
114,7,7,0.000000,1.479010
115,22,15,0.318182,0.830242
116,108,44,0.592593,0.622244
117,63,32,0.492063,0.656177
118,30,14,0.533333,0.798985
119,80,65,0.187500,0.723349
120,48,22,0.541667,0.859987
121,89,43,0.516854,0.644750
122,65,33,0.492308,0.653262
123,74,33,0.554054,0.716812
124,60,37,0.383333,0.725043
125,68,34,0.500000,0.676994
126,157,77,0.509554,0.591874
127,162,84,0.481481,0.649739
128,167,61,0.634731,0.587062
129,133,75,0.436090,0.722257
130,30,17,0.433333,0.752566
131,29,16,0.448276,0.822295
132,77,26,0.662338,0.627193
133,36,14,0.611111,0.728752
134,66,23,0.651515,0.641381
135,135,45,0.666667,0.601340
136,63,32,0.492063,0.702229
137,125,55,0.560000,0.635923
138,65,19,0.707692,0.669210
139,55,26,0.527273,0.701220
140,93,36,0.612903,0.637623
141,44,19,0.568182,0.657754
142,76,29,0.618421,0.662590
143,103,48,0.533981,0.614241
144,29,13,0.551724,0.680252
145,54,25,0.537037,0.669831
146,121,53,0.561983,0.631339
147,40,19,0.525000,0.675909
148,61,26,0.573770,0.687997
149,76,37,0.513158,0.660228
150,90,35,0.611111,0.609616
151,34,17,0.500000,0.794150
152,57,28,0.508772,0.685281
153,63,28,0.555556,0.643748
154,34,18,0.470588,0.790082
155,38,17,0.552632,0.702039
156,48,25,0.479167,0.731719
157,35,18,0.485714,0.724223
158,56,33,0.410714,0.726110
159,91,41,0.549451,0.623607
160,84,28,0.666667,0.577999
161,29,15,0.482759,0.843809
162,98,40,0.591837,0.627109
163,20,11,0.450000,0.908997
164,45,20,0.555556,0.765199
165,35,11,0.685714,0.713354
166,44,17,0.613636,0.643572
167,41,16,0.609756,0.721420
168,78,35,0.551282,0.600784
169,39,17,0.564103,0.691216
170,32,16,0.500000,0.755876
171,42,18,0.571429,0.693268
172,52,26,0.500000,0.739615
173,81,37,0.543210,0.650341
174,23,12,0.478261,0.828662
175,88,32,0.636364,0.673995
176,36,22,0.388889,0.756305
177,69,26,0.623188,0.630595
178,28,14,0.500000,0.856801
179,30,20,0.333333,0.760771
180,51,24,0.529412,0.738819
181,46,18,0.608696,0.683720
182,89,42,0.528090,0.649295
183,71,31,0.563380,0.687924
184,40,22,0.450000,0.758857
185,39,23,0.410256,0.786041
186,140,52,0.628571,0.604353
187,38,18,0.526316,0.690055
188,173,63,0.635838,0.545966
189,18,9,0.500000,0.886651
190,16,8,0.500000,0.679053
191,36,16,0.555556,0.743761
192,34,14,0.588235,0.713535
193,2,2,0.000000,1.578792
194,162,120,0.259259,0.795725
195,293,132,0.549488,0.589677
196,324,139,0.570988,0.565544
197,31,22,0.290323,0.833593
198,21,16,0.238095,0.910662
199,13,12,0.076923,1.234549
200,5,4,0.200000,1.119929
201,6,2,0.666667,0.800414
202,13,5,0.615385,0.789331
203,3,3,0.000000,1.522316
204,3,3,0.000000,1.514978
205,10,10,0.000000,1.457196
206,18,18,0.000000,1.385363
207,10,10,0.000000,1.522886
208,17,9,0.470588,0.874158
209,13,3,0.769231,0.818796
210,5,3,0.400000,0.967327
211,9,5,0.444444,0.957477
212,5,4,0.200000,1.287534
213,6,3,0.500000,1.024190
214,2,1,0.500000,1.133608
215,4,1,0.750000,0.884766
216,5,4,0.200000,1.062458
